so horrible;
completely fair;only redeeming;n't make;other deficiencies;
uniformly exceptional;very capable;capable kitchen;proudly whip;
""
n't enjoy;just do;n't get;
not only;only was;food outstanding;little 'perks;
very overpriced;not very;very tasty;
agreed favorite;are kind;kind enough;
outstanding taste;terrific texture;yet not;not gummy;
pretty good;
not have;have mayonnaise;ie cheese;hot temperatures;
have drinks;
just as;as good;
visited thailand;quite expert;
definitely recommend;recommend mary;regular neighborhood;
thin crusted;crusted pizza;
hopping place;other night;great time;
n't help;so fast;
upper east;east side;
""
obviously run;
very disappointed;
definitely special;
really liked;
back very;very soon;
interior decoration;
wooden benches;
""
pretty inexpensive;
not be;
n't go;n't enough;whole experience;
eat family;other dishes;
warm vibe;
""
great concept;little rough;
incredible food;friendly service;downtown neighborhood;n't miss;
great food;reasonable prices;n't be;
look foward;
only other;other steakhouse;
usually go;
little place;cute interior;interior decor;affordable city;
""
free wine;
""
also very;very good;
very disappointing;
worth visiting;ave spot;original store;
second floor;floor walk-up;serious sushi;
cozy restaurant;
fried rice;
excellent mussels;puff pastry;delicious dressing;
perfect place;indian food;
so cool;
mild broth;
just wonder;delicious meal;such little;little money;
not come;empty stomach;
wine list;
so garantuan;n't fit;
ive been;many thai;thai restaurants;best thai;
even let;
highly recommend;
more detailed;detailed questions;
consistently great;great place;
nice atmosphere;very pleasant;
i bring;there go;
really enjoying;had dinner;
fabulous service;fantastic food;
""
""
""
few times;usually end;pretty odd;odd people;
""
great food;good size;great service;unpretensious setting;
romantic dinner;wow dining;dining experience;
n't wait;
eating dosa;
wine list;generously filled;
great variety;i eat;here often;never get;
very limited;
more satisfied;ever been;
""
not too;too crazy;
great bagels;good place;
very nice;sometimes not;
""
never felt;table ot;ot incoming;
great bargain;
""
""
deff recimmend;recimmend bukhara;also have;new locations;
always have;delicious meal;always leave;
""
first went;
well done;
super friendly;extra mile;
pretty good;
only indian;indian restaurant;
authentic taiwanese;very different;
heartily recommend;
best places;new friends;old ones;
so great;too become;
often crowded;
""
service impecible;
grilled branzino;so infused;
wait staff;
few months;months old;biggest secret;
best french;french food;
so much;much fun;
glad i;
nice cozy;good pizza;
never been;so rudely;
back soon;
pere pinard;pinard has;
""
also ordered;
maybe twice;entire meal;
too good;not praise;
many times;good reason;
strong scents;negatively affected;
""
""
bad review;n't understand;
stalling i;there less;n't even;even brought;
overall i;
soft shell;
deep fried;fried skewers;still rare;
make reservations;n't have;
also recommend;different varieties;
""
best restaurants;ever been;
pretty decent;
somewhat uneven;often reaches;new american;american fine;precise execution;most evident;fish dishes;
delicious french;french fare;
indian food;
""
own creation;
i felt;
""
""
lava cake;i recommend;
pizzas hope;
terrible service;overall experience;
great place;really tasty;tasty food;likely have;have trouble;
last time;time i;i went;
good selection;high end;
nice restaurant;restaurant overall;classic upscale;upscale italian;italian decor;
not impressed;
entire dining;
always recommend;
highly refined;regularly kept;
""
usually very;very good;ocasionally i;i wondered;raw vegatables;side orders;
crappy service;
""
best deals;particular establishment;
authentic indian;amazin prices;
""
""
ambiance- relaxed;
never felt;more unwelcome;last month;
saved room;crispy duck;
fancy ingredients;even fancy;fancy ingredients;n't make;good pizza;
""
dal bukhara;so dam;dam good;so are;
i look;here again;
always come;
comfortable neighborhood;always have;good meal;fair price;
leaping lizard;had everything;everything happy;
creme brulee;not caramelized;
always tastes;
i live;
here is;
entire family;
monthly basis;i get;
garlic knots;i order;quite often;always super;super quick;
great chinese;chinese food;liang ye;grand sichuan;
says murray;is anything;
really trendi;most important;important part;
never been;red eye;
""
back room;
little things;antique-seeming teapot;
paying customers;
fresh mozzarella;shredded cheese;cheese common;most pizzaria;
excellent place;new york;
never had;
great bistro-type;bistro-type vibe;
""
first off;completely unattentive;
n't go;
""
""
even better;very affordable;really good;
is nothing;
look i;i dont;ever been;decent place;please try;someother places;
""
favorite meal;pesto pizza;good bottle;
best bartender;
""
""
i went;late afternoon;bite size;
really great;great deal;
not come;alluring ambiance;complicated maze;authentic foods;
""
""
last time;time i;i went;n't come;
tandoori salmon;
completely hooked;
very disappointing;disappointing experience;
best service;
always gets;good response;
many times;
atmorphere @;@ peep;
""
""
favorite restaurants;
swinging door;mexican restaurant;
""
""
other night;
's cash;
no-class famous;famous ray;true love;not forget;outstanding pizza;
rather cramped;busy restaurant;
""
quite tasty;as well;
very high;high expectations;special occasion;
soft fluffy;
""
""
so i;i 've;never actually;actually been;i 've;few times;
new 5th;5th avenue;best values;
so many;many other;other sandwich;sandwich shops;
""
great food;n't stand;sake bar;
narrow corridor;tiny space;tiny white;white tiled;tiled counters;great deal;small counter;12-14 entrees;
""
desired 'doneness;n't look;leafy road;
extra charge;
decent wine;reasonable prices;
conveniently delivered;
""
nice family;traditional restaurant;
rather tried;tried terrace;
always get;i go;never get;
also ordered;
okay service;
only thing;more wonderful;
very pleasantly;pleasantly surprised;
just awful;
never visit;
soy sauce;
""
suggested glasses;very well;
""
many different;different indian;indian restaurants;
says i;
very particular;crab dumplings;assorted sashimi;
fresh garlic;
n't go;
little clueless;enough servers;just have;small effort;
good luck;
n't sure;
n't look;
""
""
just do;n't do;
just ignore;trendy wannabes;
expanded menu;more italian;italian dishes;n't wait;
""
i ate;again last;last night;
i wish;office- i;
""
worst value;
most experienced;experienced person;thai food;
pretty good;good spot;not so;so overpriced;
hundred people;
""
""
not be;
""
different beers;thier guest;very happy;pumkin tortelini;
n't give;dinner special;
""
save room;never leave;
very good;good service;very good;good prices;
recently went;amazing time;
""
best bagel;
""
well as;as late;ever got;
most annoying;annoying thing;drive revenue;
""
most tender;tender piece;
pretty good;only been;there once;
still sitting;
holiday party;
not be;
highly recommend;
""
""
nha trang;hundred times;
so many;many poor;poor experiences;excellent find;
most overrated;overrated restaurants;
wine selection;deserve recognition;
last night;
rather pathetic;
had reservations;
first i;slightly skeptical;
really also;
""
pretty good;little flavorless;very small;including dessert;
""
small street;
wild animals;
""
""
shanghai most;flagship green;green bo;
highly recommend;recommend cafe;cafe st.;st. bart;wonderful service;
not worth;special trip;
nice value;
so enjoyable;
very important;
nice restaurant;good place;
nyu students;fun young;
here does;great service;
""
cool spot;decent food;not relaxed;
""
""
""
entire life;i tried;
i work;best oatmeal;quick-cooked item;
always busy;fast moving;
too bad;same heritage;
chilean sea;not offer;
""
really good;
""
not picky;actually gross;
solid restaurant;including wine;solid deal;as well;
literally is;complete hole;very quickly;quickly as;as soon;friendly staff;n't hesitate;
definitely not;
regular roll;inside-out roll;roll more;not just;
""
little mouth;perfect consistency-not;too fishy;
finally did;n't find;
other night;quick bite;
n't taste;little dishes;n't look;steamy hot;also note;note lack;
untasteful previous;previous review;
n't judge;literate heart;
know sal;new york;
absolutely brilliant;well runned;runned business;
""
n't get;
so much;finally made;
good authentic;authentic thai;
i recommend;saw people;
only thing;moderately enjoyed;grilled chicken;edamame puree;
as good;
roast duck;
full experience;
more authentic;authentic shanghainese;shanghainese restaurants;manhattan chinatown;
""
th pink;
so eat;eat fast;
very accomodating;
previous reviewer;
roving group;nyc gluttons;
first opened;second chance;
i went;del frisco;friday night;
like sakagura;too much;try yokocho;
""
great spot;nice occasion;
n't go;
very popular;popular style;small portion;sake-friendly dishes;
actually glad;
not pretentious;very economical;
""
amazing place;
fresh ingredients;
never had;few minutes;
friendly service;
authentic bistro;
i suggest;only eating;average american;american digestive;
somewhat pricey;
not cheap;
hot dogs;
fast too;
good delis;watching foods;
conversation impossible;
personal pans;perfect size;hungry nights;
highly recommended;fried clam;
earlier people;not get;positive way;
's convenient;
lovely trip;
inexpensive way;
oh right;probably say;say something;something nice;
not just;just odd;eclectic crowd;
certainly wrong;
""
ny italian;italian food;
just got;
also very;very comparable;much overpraised;
then sat;very table;were boths;
""
wrong containers;
daytona beach;
""
great indian;indian food;
""
""
greatest pizzerias;
yet very;very well;well presented;wine list;very well;
salmon dish;
just made;
especially liked;chicken tikka;
not attentive;
beautiful green;green lawns;
always enjoy;not always;always well;well trained;nevertheless friendly;
generally like;good restaurants;was way;
great place;
pretty tasty;hot muggy;muggy day;
n't eat;next door;
tiny williamsburg;always pleasantly;pleasantly surprising;
great food;great service;
best ravioli;
n't especially;especially groundbreaking;so far;far has;
ive been;always outstanding;
""
quite frankly;worst sushi;ever tried;
""
overall price;very very;very expensive;
""
great thai;thai food;inexpensive appetizers;
other review;
last time;
""
not only;only makes;own homemade;ultra fresh;
""
great idea;good need;
main dining;hand-painted high;high ceiling;never know;
bread bar;january restaurant;so pleased;
""
also make;pay attention;weird selection;
much better;better dining;dining experience;same amount;other french;french bistros;
big points;
chinatown standards;
good food;
wait staff;very friendly;not overly;overly efficient;
""
however was;very good;
sutton place;year old;old interns;
always been;
different seafood;
great place;casual date;entertain clients;
""
table next;long overdue;overdue bottle;finally arrived;
very good;
not catch;
fantastic place;
bad thai;
definitely not;
seat parties;
""
certain staples;not really;
not spectacular;
""
more concerned;actually waitressing;
most joints;
""
n't be;
""
""
good music;great food;service affordable;affordable prices;
small wait;
not nearly;nearly enough;
always has;warmly greet;
""
just read;'s review;
""
""
""
large place;
n't be;
""
""
incredibly rude;did everything;
next time;n't dare;ordering anything;else other;simple asian;asian appetizers;
n't be;
so beautiful;
nice light;asian accent;long tan;good place;
nice dinner;nice ambiance;as well;very good;good food;
lazy folks;n't want;alphabet city;i say;
great service;friendly atmosphere;
highly recommend;great value;excellent sushi;
so much;much better;better served;actually understands;understands customer;
""
fourth try;i 'm;
definitely try;striped bass;
little loud;just made;beautiful wife;
black white;white shakes;
best meal;
not go;
finally decided;
maximum amount;so be;
""
blue ribbon;
second favorite;favorite neighborhood;first being;being joya;
most amazing;amazing pastrami;
great bagels;old-fashioned way;
really good;inexpensive sushi;
personal favorite;lox spread;unbeliavably good;
n't even;even have;least tasted;tasted good;
next hour;crowded lobby;touristy restaurant;not being;
""
also good;
ever paid;not even;even waving;magic wand;ever get;
low prices;
very nice;suggested swordfish;
""
""
terrible management;
great friendly;friendly service;fast delivery;excellent sushi;
more appealing;then stuffy;stuffy overpriced;french restaurants;
italian food;has flavor;be sort;ny yankees;
many other;other reviewers;often slow;particularly true;
salmon dish;
unique rolls;anywhere else;
new york;
solid food;nice decor;reasonable prices;
often sitting;front table;table greeting;greeting guests;
""
lobster ravioli;very salty;
""
cheap eat;
literally walking;doing things;as fast;
good wine;ever-changing menu;always offers;great surprises;
n't usually;n't comment;wine list;
corned beef;are juicy;extra rye;
not too;too expensive;expensive bottle;
""
just ok;
huge comeback;
very patient;
n't so;so great;
solid wine;knowledgeable staff;friendly owners;ever-changing menu;
always so;so friendly;new york;
n't even;even see;main dishes;
""
good stuff;late nite;nite eats;
""
slightly soggy;
""
gourmet food;
here again;
great people;
unintentional mistake;i 've;other restaurants;i do;n't appreciate;such practice;
immediately obliged;great dishes;regular menu;
subpar service;
very friendly;fried mini;condensed milk;assorted fruits;
""
""
here regularly;
long tan;tan last;last week;first time;now know;ny times;many more;already knew;
empty stomach;ok bad;bad joke;
""
definitely go;
first time;second time;little bland;
always surprise;different starter;
delicious bagels;
always wanting;
hot tasty;
several times;
great place;pizza more;good place;
very helpful;
green curry;
good date;n't want;
not sure;buys repeat;
""
*not* romantic;
heavy vault;dining ride;
much more;more reasonably;reasonably priced;
n't seem;great italian;italian restaurant;
not very;very tasty;high quality;
pleasantly surprised;
other restaurants;
n't going;
as well;
""
many times;
freezing weather;
not recommend;recommend lunch;other regular;regular chinese;chinese restaurant;
highly recommended;
best thing;
here last;last night;pleasant experience;
obviously enjoying;
highly recommended;
lifetime experience;
good neighborhood;
tempura dish;
""
good reviews;
entree range;not overly;overly expensive;new york;definitely better;so sapphire;lovely atmosphere;not be;
best values;authentic french;french food;
really hard;new york;really feel;finally found;
definately not;impress someone;
usually cold;
""
chinese desserts;healthful benefits;
holiday time;
really large;large portions;
""
great thai;very friendly;friendly staff;
house several;several times;always good;
smoked salmon;
thoroughly impressed;
i recommend;garlic shrimp;
japanese native;i 've;tristate area;just so;so amazed;
""
""
""
""
""
definitely be;back again;
happy hour;
casual dinner;
""
decent wine;
""
quite good;
whole family;back next;next time;
many different;different styles;
are way;real look;
too sweet;too salty;
""
""
""
""
overall i;back again;
""
excellent beers;wine list;
""
n't heard;
last time;time i;i cross;
beautiful spot;main terminal;
friendly staff;actually lets;
i head;cafe st.;st. bart;
n't launch;big modeling;
rather small;
""
i love;
""
n't leave;
""
favorite italian;italian restaurant;new york;
little tight;cold day;pretty drafty;
just as;as good;reasonable price;
too big;
reasonably priced;
interesting fusion;indian cooking;
few tips;
""
not available;
very relaxing;
very good;great deal;
""
great choice;great deal;
different planet;tasteless are;
pre-theatre 3-course;3-course dinner;wine flight;
definately check;
probably much;much busier;seldom crowded;too close;
""
almost always;always forget;bring something;
""
""
good spreads;great beverage;really tasty;
""
""
perfect slice;
here liked;
secret back;
also attached;more romantic;romantic bar;
authentic food;real service;not just;
""
poor reviews-;reviews- i;standout italian;italian- great;great prices;good service;wonderful wine;wine list;
was back-to-back;wait staff;hoist trays;
delicious meal;beautiful room;
little leary;usually have;i 'm;glad i;finally tried;
not dissappointed;least bit;little gem;
also very;very inexpensive;
only eaten;many times;
enough reasons;
only chinese;chinese desserts;anywhere close;northeastern america;serves desserts;pig feet;black vinegar;
reasonably priced;
really make;enjoyable experience;
definitely recommend;recommend sea;thai cuisine;
always treated;not-so-little gem;even able;not-so-frequent visitor;
not large;several round;large groups;authentic taiwanese;
several more;even exclaimed;french fries;
not go;
old friends;raucus dinner;
regular menu-fare;
""
fresh tomato;fresh mozz;imported flour;better pizza;
""
small fortune;
indian food;
very appetizing;fancy plates;
fresh mozzerella;plain cheese;cheese slice;
""
say avoid;
""
""
constantly open;crosby st.;more turnover;surprisingly fresh;
filet mignon;garlic mash;
i went;pre-theater menu;roasted tomato;
impressive feat;such close;close quarters;
n't want;
bringing friends;
super tasty;personal sizes;however be;favourite pizza;margarite pizza;cold prosciutto;
""
large selection;
always found;often busy;
n't classical;classical restaurant;new life;old cuisine;really innovative;tasty dishes;genuinely indian;same old;old restaurant;
""
real pride;
new york;visit restaurant;smith street;
i went;other night;
enjoyable meal;pre-theater prix-fixe;
always provided;pleasurable dining;
""
cute touch;certainly helped;fried chicken;noodle dishes;
too large;
not imagine;better indian;indian food;
great romantic;romantic place;little privacy;
pleasant surprise;
open faced;cheese sandwich;basically told;
n't mind;then go;
""
""
very good;good breads;as well;
just ask;real naan;
were fans;inedible squid;recent visit;
really do;n't care;
homemade pasta;
""
wonderful place;stand points;value ofr;ofr money;
first encounter;
""
not exactly;not really;big deal;
other people;
beginning appetizers;delicious chocolate;rasberry mint;
""
""
consistently good;good japanese;japanese tapas;
restaurant week;
absolutely amazing;
little iffy;favorite indian;indian restaurants;
also do;great job;
i went;i met;
very tasty;large whole;whole shrimp;amazing pistachio;freshest i;ever had;
aforementioned line;
""
courdoroy blazer;nyu student;strange mix;smith types;bitter cougars;
""
always go;extremely full;
still running;
really cool;
indian restaurants;east sixth;sixth street;
always been;i go;there usually;
very excited;short-term chef;truly was;low point;
excellent experience;
downtown subway;
loud group;
""
great place;
n't see;
sooo good;fresh tomatoes;n't skimp;
recently decided;outdoor seating;
""
""
usually good;certainly is;relaxing place;
""
knowledgable staff;fabulous bistro;wonderful jazz;great live;live jazz;
""
great place;
pour-your-own measures;were courtesey;
little more;more attentive;also works;
not mind-blowing;never is;
very good;i wish;melt-in-your-mouth experience;
super cheesy;less cheesy;
little loud;n't have;
sapphire twice;not good;
kinda nosiy;beautiful place;nice dinner;
surprisingly disappointed;
so good;so cheap;
""
i went;ruby foo;
n't been;
""
n't eat;as delicious;really nice;nice dressed;extra virgnin;virgnin olive;olive oil;
""
nyc original;
excellent meal;many indian;indian restaurants;nearby lexington;
pleasurable experience;
creative wild;wild mushroom;third generation-fornini;truffle oil;again making;
late nite;not good;
sala thai;
small tip;
great place;cheap lunch;
""
great find;
""
sushi fix;great service;
not overbearing;
there many;
really disappointed;disappointed ant;tell everyone;go eat;even take;
look wonderful;very disappointing;
slightly limited;limited menu;ultra fresh;
cool evening;
large is;
""
n't go;
not worth;
best pizza;
great service;great food;reasonable price;great evening;
many people;not seem;aunthentic thai;most places;nyc arent;quite authentic;
""
n't even;even let;
""
fried dumplings;were nothing;
mouth watering;
other restaurant;restaurant patrons;actually seated;served dishes;n't ordered;
top notch;
now is;
pretty good;
also special;special order;
guys rock;
""
pretty much;much full;fondue appetizer;
extra spice;
""
too much;
last wed;
kha soup;
""
several semi-private;semi-private boths;right side;dining hall;
""
turn people;
""
fellow foodie;back regularly;regularly ever;
n't toast;
""
never been;
i get;n't just;just go;
sweet lassi;lamb chettinad;garlic naan;
following chef;new york;
best thing;
""
ever had;
good seafood;too high;
very good;
gracious hosts;
n't bother;
""
now adorn;large number;vegetarian-friendly choices;
never had;had anything;
reasonable prices;
bring service;offerng complementary;complementary amuse;small dessert;
""
n't break;also wouldnt;
midtown gem;instantly became;favorite sushi;
never go;
so rushing;absolutely unnecessary;
only taiwanese;taiwanese restaurant;
live entertainment;type special;special effects;
perfect traditional;traditional sushi;interesting combinations;try sushi;east side;
""
""
""
great bet;
first time;i happened;big deal;
large groups;super happy;happy waiter;
i mention;
wednesday nights;
favorite restaurant;
so crowded;n't even;even talk;person next;
love pizza;
indian friend;n't believe;tasty everything;
i 'm;best i;
= more;
""
not been;
many time;never been;
""
special bakery;dowtown manhathan;
here are;bit larger;
great big;big door;dark romantic;romantic getup;
n't go;good meal;
much more;more grown;
barbecued codfish;gorgeously moist;fabulous texture;however herb;herb mix;other sauce;
""
huge dance;
gret value;great food;
""
recently had;early dinner;
absolutely loved;
i wish;wish i;as often;
n't ever;hard almost;
outstanding bagels;
only pizza;not have;additional toppings;crust tastes;freshly baked;baked bread;
worth searching;
various slice;best one;
cold night;perfect spot;
even have;american chinese;chinese food;
huge portion;
nebbiolo do;
best italian;italian food;ever had;means alot;
recommend scopa;wonderful italian;italian food;
magnificent block;
""
room full;new yorkers;real meal;real restaurant;fabulous trying;
good work;
""
n't walk;
here before;before attending;
great bar;most gorgeous;gorgeous bartenders;ever seen;
""
""
really loved;inovated touch;
not arrived;
almost non;non existant;
terrific meal;very nice;nice wine;similarly priced;priced wine;n't as;as good;
big group;
i thougt;
never once;once did;feeling unwelcome;
more basic;basic dishes;
main hit;whole grilled;grilled fish;
dessert wine;
hot day;enjoy lunch;
beautifully prepared;personable service;
usually go;there later;so i;i do;n't have;
here is;consistently good;
great tiem;ar food;
n't even;even looked;full beers;
n't recomend;
was watery;n't have;much flavor;
i enjoy;
last night;only place;indian cuisine;
pasta dish;
wrong bread;second glass;main course;
not sure;previous reviewer;great neighborhood;great food;
sadly lacking;decent thai;best spots;
herky sent;free confused;confused look;
make reservations;15-20 minutes;hosting staff;having difficulty;seating guests;probably had;so close;
above including;surprising tasty;tasty dishes;
n't seem;fresh ingredients;good thai;
other apetizers;
taste great;
as good;
""
""
little more;more expensive;average bagel;bagel place;
undercooked-the sauce;
fried clams;just enough;enough kick;'em worth;
also not;
complimentary appetizer;
absolutely love;
poor quality;so badly;
had champagne;like princesses;
""
such practice;
special occassion;
10-piece dim;
other vietnamese;vietnamese restaurants;chinatown area;
also very;very limited;limited seating;substantial wait;getting food;
quick martini;recommend jeffery;blowing roast;
""
long wait;table outside;too hot;anyway so;very nice;
definently recommend;
wonderfully low;
spicy food;
i love;
never been;true strength;amazingly delicious;cheap lunch;
so much;much more;usual bar;hand-crafted beers;
big disappointment;
absolutely delicious;
free drink;
n't not;not mention;
first time;
definitely highly;highly not;not recommended;
""
huge group;well taken;taken care;
own place;
n't waste;waste money;
also have;back garden;outdoor seating;
corned indian;indian restaurant;little india;india strip;
never before;before eaten;relatively good;good nigiri;
incredible architecture;
'italian dinner;
first time;here was;
""
finally went;went thanks;
several years;
so delicate;sweet tender;
""
indeed delicious;
moderately priced;priced restaurants;slightly more;more pricey;
n't go;
""
very filling;i 'm;big eater;only eat;eat half;classic fish;big serving;
convenient place;so ruined;lousy service;
first time;
""
pasta special;special was;so was;
""
really large;
""
informative staff;very attentive;prompt raw;raw bar;
best taiwanese;taiwanese food;
many pizza;pizza places;
great stop;great food;
""
""
""
n't even;even finish;first piece;
highly recommended;first date;
finally offered;dessert menu;i feel;
were way;
hot pot;biggest city;now became;independent province;
""
""
entire time;
yet paired;such rude;rude service;never recommend;anyone interested;
i went;sunday afternoon;enjoyable hours;
in-house lady;saturday nights;outrageously good;good taste;takes requests;
""
ever dined;huge disappointment;
simply amazing;n't break;
great wine;wine list;
hot dogs;
n't cheap;not extremely;extremely expensive;
beef noodle;noodle soup;as well;
so sad;bad reviews;
""
truly embracing;authentic thai;
prompt service;
good pizza;
""
molto bene;
.the best;best i;chinatown masters;
""
""
perfect balance;
""
as much;n't bring;
shredded cheese;partly done;
especially great;great considering;
pretty good;
so easy;top place;
never better;better enjoyed;humble root;
""
hugely disappointed;
""
i agree;previous reviews;wait staff;very rude;
i love;love ess-a-bagel;i live;west side;often go;
always get;shabu-shabu dinner;always fresh;
n't even;even fully;fully melted;
very surprised;first visit;sunday night;
utter lack;horribly slow;slow wait;horribly quick;quick meals;best vietnamese;vietnamese restaurants;ever been;very fresh;fresh vegtables;
other hand;not fooled;find hundreds;
definitely go;
i live;here not;not only;pizza place;
""
""
""
not been;been home;similar venues;
now very;very small;usually inedible;still good;
not eat;
very friendly;great guy;
""
very fun;fun experience;
so many;many good;good restaurants;n't need;overpriced food;absurdly arrogant;arrogant wait-staff;n't recognize;glorified diner;clumsy service;n't care;
i tend;
little scatty;
bit soggy;nice mix;not iceberg;
simply wonderful;
""
great addition;
favorite chinese;chinese food;general tao;
""
not only;only is;always been;
never really;really feel;terribly comfortable;
experience.the food;most part;
forget drinks;so tiny;have trouble;
n't miss;miss roxy;s food;new york;
italian countryside;very romantic;
cold appetizer;way i;i remember;
just go;
""
interesting selection;good wines;
i hate;
so have;
parmesean porcini;lamb glazed;balsamic vinegar;surely be;northern italy;
""
indian cuisine;
reliable chinese;chinese restaurant;
""
so loud;
just so;so happens;even more;more amazing;amazing place;
are plenty;good corned;corned beef;
table next;ordered pizza;looked perrrrrrrrrfect;
upper intermediate;intermediate range;
inexpertly sliced;
i recommend;
new york;better food;small restaurants;
olive cream;lox spread;whole wheat;
not nobu;sure is;great deal;leave feeling;feeling satisfied;
""
very spicy;not offensive;
n't disappoint;second i;extremely pleasant;
n't know;cabaret next;next door;loud music;
fish ration;also good;n't try;
shredded cheese;
""
good selecion;reasonable prices;
""
great ny;ny experience;
""
only positive;positive was;wait staff;was prompt;
n't reccommend;
""
very impressed;low-key upper;upper eastsider;authentically thai;thai cuisine;
n't have;
very reasonable;
here are;
complete opposite;
lime juice;
other menu;n't have;
place many;many times;always have;great food;
hopefully next;next time;save room;
i mean;mean everything;
typical pizza;low key;fairly cheap;cheap nice;nice sit;
corned beef;was tender;
""
best chicken;ever had;
n't even;
eat sushi;not be;
first choice;
different choices;
very fresh;fresh fish;modern ambiance;prime location;friendly service;
terrific outdoor;warmer months;
very romantic;romantic fires;literally spent;spent hours;drinking wine;extensive wine;
little tipsy;saturday nights;
almost wanted;bad review;ever go;
always skeptical;park slope;
back soon;
nice crowd;
not cooked;completely raw;
sometimes really;really friendly;sometimes barely;barely there;
""
very inventive;
great food;great prices;great service;
corner chinese;chinese food;
awsome pizza;
lot less;less pretension;still above-average;
i ate;reviews here;here as;as well;
regular menu;not regret;
""
good taste;
best ive;ever had;
""
""
""
""
i recommend;caprese salad;wonderful start;
incredibly tiny;
definetely go;back again;
n't complain;so much;
all-time favorite;
potential diners;still taking;taking phone;reallocating tables;
always good;always yummy;warm pita;
explain everything;really cheap;
amazingly bad;
other shabu;shabu restaurants;
several places;
i love;
best variety;fastest delivery;
terrific food;
empty seat;
lag time;
pretty obnoxious;
""
""
jersey deli;
fried rice;really good;
well attended;enthusiastic staff;manager tony;tony gaskin;excellent suggestions;
dining experience;experience uncomfortable;
""
prior internet;
still stay;table next;were serves;there much;much longer;
front doors;
very inviting;inviting restaurant;friendly service;
back garden;sitting area;very pleasant;personal herb;
""
only sate;homesick stomach;
good french;french restaurant;decent restaurants;mexican food;capable restaurants;
very disappointed;
always welll;welll made;wine selection;fairly priced;
also had;
""
nyc celebrating;30th anniversary;
glad i;rare gem;
culinary nightmare;
small feat;good french;french food;
too small;live music;
""
new jersey;
big wong;big ups;fine establishment;
never be;
was bland;not inspired;
highly recommend;
too tiny;
new york;
so much;much pepper;here was;not great;
lad nar;various other;other dishes;i 've;better thai;thai food;less asthetically;asthetically pleasing;pleasing places;
delicious food;great price;not go;cold day;front door;
hot bean;fish fillet;special menu;
i 'm;still impressed;even exists;quite decent;then again;
rather warm;open kitchen;is part;
year old;old loved;
little soggy;
inludes famous;famous scrumptious;scrumptious bombay;chaat such;as well;other great;great indian;indian appetizers;
""
only problem;complete incompetent;
wine list;many good;good values;
n't do;
still mad;lousy food;
regular thursday;
definite go;good indian;indian restaurant;
""
best pizza;
decent thai;bit dank;little nolita;nolita hangout;service terrible;
most people;there seem;typical upper;upper east;east side;so be;
actually poured;poured water;
mostly made;well prepared;
erroneously added;
too cold;
more reservations;expensive tips;annoying stuff;
""
unlimited sushi;very high;high quality-;even took;best sushi;
""
little cramped;
anything spectacular;
even bought;
n't have;
good food;
""
""
""
just ok;main courses;decidedly subpar;
else recommended;also left;
exotic food;beautifully presented;delicious combinations;
very attentive;almost always;always get;
really is;good place;
true experience;
sure i;final judgement;
""
romantic trattoria;
always had;wonderful experiences;
always friendly;
""
creatively prepared;yet still;still simple;
""
""
""
small cozy;romantic feel;
n't give;high scores;authentic thai;
""
n't think;other guests;
club soda;
actually quite;quite good;
""
merely thinking;
n't been;other locations;
complimentary pudding;just enough-;enough- yummy;
evening gowns;as well;
tasty vegetable;vegetable samosa;
below average;
""
decent wine;
great time;
often noisy;crowded bar;
say i;never had;
favorite places;
i recommend;4-5 pm;
little burnt;still delicious;was kind;
disappointing food;lousy service;
i 'm;
lovely french-asian;french-asian fusion;other great;great restaurants;smith street;
casual neighborhood;great food;excellent service;
great place;
well-oiled machine;
small portions;
pour champagne;
""
second time;adjust lighting;
well prepared;service impecable;
best dish;thh thai;curry noodles;
dark atmosphere;nice touch;
very small;main course;
definitely not;not great;
delicious thai;
early brunch;
authentic shanghai;not recommend;better shanghai;shanghai place;new york;
friendly server;great food;also sent;different pairings;
last reviewer;parallel universe;never had;had anything;perfect experience;
i thought;best dining;ever had;
""
n't have;only sit;back garden;nice weather;
japanese food;rare thing;
accurate description;
""
""
""
never expected;such incredible;incredible entertainment;
recommend reservations;
many thai;thai places;so far;
great pizza;lunch place;
very expensive;extremely tasty;
n't think;
well seved;
mean feat;
often go;
i wish;
totally japanese;
""
consistently gets;
think i;tiny bit;
i noted;
never going;
best dish;nori-wrapped tuna;
absolutely amazing;
""
excellent alternative;fast food;slightly disappointing;
overall good;good restaurant;really good;good seafood;
i work;first time;
""
also attentive;
eat deal;truly amazing;
decent taste;
best experience;
small meat;steamed buns;not worth;worth trying;
long time;
even better;
only had;idle engine;
""
atlantic avenue;
outta here;
quietly elegant;
gigantic pieces;fish overflowing;thank goodness;elegant sushi;better place;new york;
die hard;hard peep;
""
wide variety;interesting ways;
were part;
white bean;
good eats;
is nothing;
great food;great lay;awesome service;
ive asked;wrapped rice;just walked;
so popular;
wednesday night;
favorite indian;indian restaurant;
wait staff;very freindly;freindly little;little european;european town;
sister resturant;
more restaurants;
""
very busy;not outstanding;outstanding service;i 've;never been;
""
""
""
great price;
so close;not good;
tuesday night;
i happen;
""
so attentive;
best interior;
never lets;
""
""
n't waste;
concern much;just want;make money;
n't carry;routinely interrupted;too much;much time;just sat;
sometimes i;i get;good food;ok service;
just ate;
fellow bridge;
great surprise;
chicken dish;ever complained;just did;n't know;
was spicy;
i went;tuesday evening;
little overpriced;
""
late weekday;
just do;n't understand;
""
good food;n't waste;find something;rather go;
also offers;prix fixe;
little more;more eye;same time;n't really;really matter;
barely see;
frist time;cafe st.;st. bart;
n't get;
double date;few drinks;
great place;hot bagel;
leftover chicken;poured oil;sprinkled pepper;
complimentary drinks;n't even;even take;
favorite places;
brought glasses;just left;
actually gave;never done;totally ripped;
nice glass;
highly recommand;
highly disappointed;poor service;not quite;quite competent;slow service;
never patronize;
great pizzeria;new neighborhood;
great things;daily basis;
bright flower;
""
far away;
""
not once;once has;
very good;most part;just regular;regular food;nothing special;
touch more;more jalapeno;jalapeno heat;very good;
see ew;last reviewer;favorite dishes;
back again;
back patio;hear well;well there;
""
really great;very good;n't much;so good;
asbolute steal;
asian-air fusion;
really good;good food;pretty reasonable;reasonable price;
cheeseburger huge;service professional;professional wan;
quite liked;not quite;quite sure;really deserve;so prooudly;
bad reviews;always come;extremely satisfied;
lazy saturday;
few italian;italian employees;not speak;best english;
never eaten;last week;
""
cafe spice;probably 5-8;5-8 times;probably still;best indian;indian restaurant;
""
grand central;
helpful staff;just fantastic;
""
only have;have friends;
excellent service;
bit noisy;is something;great meal;
spicy ethnic;ethnic foods;indian included;made friends;long ago;
""
really is;not set;proper dinner;
fantastic live;live jazz;
many times;always consistently;outrageously good;
always ask;seasonal beer;
""
not grab;
tho pricey;easily thus;cost effective;
chinatown restaurants;simply not;not fair;
""
""
""
not cheap;
incredibly helpful;
""
good cook;
pleasantly suprised;
particularly good;as well;
""
""
i ate;ate clams;spectacular salad;perfectly marinated;marinated cucumbers;
even smaller;lentil dish;lacked flavor;
not hurt;
nice cigar;great staff;
i think;n't bad;
very affordable;excellent ambient;
""
more important;
never had;had cheescake;
little high;
ever dine;
here always;always loves;
""
""
real dissapointment;
as well;
do people;
thai angel;
jalapeno-lime olive;olive oil;nicely highlighting;
great sushi;sushi experience;
great meal;decent price;del frisco;
""
worst i;
recent sunday;accidently found;great restaurant;winning play;
entire ambiance;
deep fried;ow ley;sweet tasting;tasting bread;
closely situated;
incredibly helpful;only ones;first hour;
spectacular caviar;hospitable waitstaff;
heartily recommend;
definitely visit;
park city;
upper east;east side;actually eaten;ethnic food;simply dull;
real empty;first sunday;ever opened;
little place;definitely exceeded;
service impeccable;
very well;well too;thank god;
""
very nice;
""
so i;i thought;
special sushi;excellent presentation;
""
absolutely delicious;
n't tell;tell anyone;i eat;
vegetable juice;very special;shredded squid;squid family;personal favorites;sichuan spicy;spicy soft;soft shell;hardcore sichuan;sichuan food;n't recommend;american friends;
old canned;canned vegetables;
great food;
great deal;blue point;
really liked;noodle dishes;green curry;
i went;i love;
about twice;twice as;as high;
relatively new;pricey side;
""
most unpleasant;unpleasant experience;
unusually good;great appetizer;
""
great staff;
average cost;
delightful dinner;have dessert;white chocolate;hot chocolate;
amazing dessert;as well;
i went;friend last;last saturday;
delicious dishes;dishes good;friendly service;
cool place;healthy drinks;
great vibe;
like mamoun;as well;kati rolls;just produce;tastier food;
odd group;
bit slow;not rushed;
next table;
i love;
not consistent;
resembled nothing;ever had;
great food;very reasonable;
wine list;not huge;well selected;
cool bar;great food;excellent beer;
always delicious;
always received;prompt service;
french cuisine;substantial portions;
acted put;
vegetarian entree;actually quite;had wintermelon;fresh mushrooms;
not go;
is way;
also young;
even better;french classics;
not as;as smooth;
wonderful meal;
good drink;
great food;very friendly;nonsense service;funky bathroom;
friday night;
""
brightly lit;
not long;long ago;very large;large waterbug;
i recommend;
few new;new yorkers;onto peep;as well;
enough said;
n't live;best friend;
really bland;
same night;best view;
notice however;
n't take;
""
grilled cheese;
pleasantly greeted;
red sliding;not block;cold air;
great service;great food;
""
sometimes i;i get;bad food;bad service;sometimes i;i get;good good;bad service;
finally seated;
summer-eat outside;great feature;
perfect restaurant;ny life;cool design;awsome drinks;good looking;looking people;
""
""
best taiwanese;taiwanese restaurant;
""
love seafood;
fast service;
few affordable;tasty indian;indian restaurant;upper east;east side;
different prices;
slightly deceiving;
""
amazing cheese;new summer;artisanal last;last night;
so coming;back here;here again;as much;
back again;
charmingly small;extremely cozy;
japanese cuisine;
nothing special;several appetizers;
""
excellent restaurant;
""
sample slices;shortly i;
""
certain dish;other thai;makes things;indeed different;downright rude;
first time;absolutely loved;
n't expect;few tables;always full;
yet relaxed;
halibut special;had steak;was top-notch;
not compensate;just shows;entire group;
favorite place;
too far;far east;
""
highly highly;highly highly;highly recommended;
only place;yummy authentic;authentic japanese;japanese comfort;
took advanatage;half price;well worth;
crowded saturday;right away;
east village;back alley;
very hungry;
have smiles;
best shabu-shabu;shabu-shabu restaurant;try-state area;
great place;always busy;busy midtown;
freshest pieces;
new york;
were dumplings;
artery-clogging jewish;jewish deli;poorly run;
usual customer;
greatly welcome;desolate little;little strip;prospect expressway;
only get;
quite often;
not making;authentic neapolitan;neapolitan pizza;open brick;lightly frying;frying zucchini;growing legion;
wait staff;blantently unappreciative;best pie;
less oily;never burnt;occasionally is;
so very;very fresh;
cheap compared;
n't want;better place;
top spot;vietnamese classics;lot more;
less wait;wait time;
perfect quiet;delicious accompaniment;
really blah;
discovered ping;instantly put;fish tanks;u walk;
not go;red eye;
first venture;
i come;almost ashamed;
""
noodle soup;thai section;was thai;
huge selection;different cream;
""
""
quite easy;
only tried;simple dish;light oil;actually faired;most nyc;nyc italian;italian joints;similar dishes;
worst excuse;japanese food;ever encountered;
better places;
just yawn;wonder whats;
okay-i do;n't mind;oily part;most are;was way;too bland;
extremely dry;
""
want something;really different;try jekyll;
had reservations;not seated;
had pam;special fried;fried fish;
greenewich village;
such lousy;lousy service;
""
""
new england;i think;
little inconsistency;really good;
more expensive;other sushi;
""
not enough;
breast special;last visit;
little pricey;not as;as spectacular;
french indian;indian fusion;great job;making dishes;as interesting;still being;
just do;n't take;back half;
""
have trouble;somehow managed;short wait;
fried shrimp;
""
not go;lucky strike;
last time;last time;
only get;cheese fondue;
exemplifies soho;
try everything;
half hour;had reservations;
""
twenty years;most excellent;indian eateries;indian restaurants;
little while;so nice;great experience;
green curry;
""
also seated;very quick;
rarely have;super spicy;
""
highly recommend;
highly recommend;recommend visiting;having dinner;
very well;well stocked;interesting beers;well priced;priced wines;
i agree;
last memorial;memorial day;i tried;make reservations;
""
great wine;wine selection;great value;
own conversation;else competing;same luxury;also voluminous;
just was;n't thai;
enjoyed everything;ever gotten;so fresh;always prepared;great way;
i particularly;particularly love;
visit murrays;bagel fix;
early dinner;thoroughly impressed;old school;school italian;italian scenery;
""
""
cheese plate;varied delight;great bargain;
still been;so watch;
fast service;
very attentive;quite attractive;
think locals;so high;
""
really nice;nice job;typical pizzeria;terrific specials;traditional flat;flat pizza;olive oil-brushed;oil-brushed crust;less tomato;
go girls;
n't include;plastic forks;n't include;
surprisingly great;
asian fusion;many places;further downtown;
old school;new world;
not want;pizza place;
not very;very attentive;rather eaten;
new favorite;favorite places;
being number;has alot;so called;called reputation;
only go;quiter restaurants;
east side;much better;west side;
""
still choose;decent sushi;
surprisingly light;flaky apple;
nice selection;
very friendly;
great place;
off-the-beaten path;path parisian;parisian bistro;
several times;totally smitten;
terrible experience;
""
slow had;get food;not crowded;
""
regular slice;
real gallery;
below average;
really enjoyed;
first time;new york;new york;
efficient courteous;
least favorite;
""
lacked flavor;unfortunately not;not as;as well;well prepared;
never disappointed;
best bagels;
not disappointed;
i 've;either not;not new;new yorkers;more appreciation;
recently been;been redone;very attractive;attractive space;
""
are nothing;nothing special;
nice quiet;quiet location;good meal;very good;good time;
impressive past;
i think;good hang;
prix fixe;so be;well worth;worth itsuperb;
good restaurant;'s nothing;nothing special;
wine list;
most wonderful;wonderful waitress;
little bistro;very friendly;never experienced;more incompetency;
""
""
never write;there does;n't seem;fair balance;negative reviews;green bo;'s time;
mashed potatoes;
""
never fails;
""
rushed service;very impressed;
absolutely visit;
""
highly recommend;fine indian;indian dining;
""
big draw;
best grand;grand sichuan;
""
last night;
other times;
usually quite;quite good;
best desserts;mixed drinks;as well;
""
""
really cool;cool stauff;
new restaurant;still features;same classical;classical furniture;made tiffin;so attractive;
best burger;
ny restaurant;
cole slaw;more space;
n't save;still great;
never go;back there;
""
very soothing;premium sake;
well worth;
say spicy;
easily be;better spent;
n't toast;n't make;make eggs;
great glass;
""
wait staff;most part;part gorgeous;wonderful aesthetic;aesthetic beautification;she's-way-cuter-than-me-that-b @;* way;
""
very good;
chicken tikka-masala;garlic naan;
cornelia street;west side;so cool;cool quaint;n't top;romantic dinner;
n't expect;busy restaurant;
kicks ass;
new york;foggy rainy;rainy day;i went;
so thin;very quickly;
is nothing;
pad se-ew;repeatable experience;
just o.k;
highly recommend;
here twice;twice now;
sweet thing;just annoying;
best place;bring kids;do something;something different;
bit slow;very friendly;
not understand;extraordinary hype;
small cute;
""
east village;well prepared;prepared basic;basic french;french bistro;good specials;lively atmosphere;
above average;sligtly better;other heartland;
loves shabu-shabu;
absolutely horrible;
n't appear;high turnover;
""
nice place;
other japanese;japanese restaurants;
other indian;indian restaurants;dinner special;attract customers;
small restuarant;so go;quiet- go;
n't understand;n't speak;delicious food;
cheap disaster;many restaurants;lightly dressed;
greatest sushi;sushi place;
shockingly easy;simple contract;
amazingly smooth;
never had;
""
main downside;nazi-like guy;constantly complains;
n't like;
very weary;
moderate prices;
great time;pub last;last night;
""
i think;i 've;best meals;
biggest complaint;un-tasty food;
tiny restaurant;as cozy;certain parisian;parisian flair;
so sorry;sorry i;
""
""
great roofdeck;nice group;
upper east;east side;genuinely miss;
best part;friendly young;young woman;great smile;truly cared;
very late;
as plain;crusted salmon;
highly recommend;
quick lunch;
horrible service;
""
here are;
great place;cheap eats;beautiful setting;
enthusiastic friends;last saturday;saturday night;
also have;more authentic;
different people;same thing;
last thursday;
i love;place more;more everytime;
many different;different restaurants;
little crowded;bit overpriced;beautiful people;surprising good;
only ordered;ordered desserts;
best restaurant;smith street;
""
few times;
""
real kicker;lemon grass;
""
indian restaurants;
lamb chops;quite good;
always says;n't have;have customers;
best service;
instead ordered;
""
never brought;complimentary noodles;repeated requests;
best chicken;
excellent dumplings;chic decor;
almost always;always slow;
corned beef;much less;less fatty;big tourist;
cute place;nice wait;never go;there again;
good time;
""
rude bit;new york;
""
get toppings;whole slice;not sparsely;sparsely sprinkled;
also horrible;
""
""
""
quite extensive;
least double;other italian;italian restaurant;still do;n't compare;
little too;too expensive;
heard good;good things;
i live;
""
here 's;fake fish;fish tanks;
""
never had;bad service;
first time;time i;i went;completely taken;live jazz;
""
amazing meal;
unique apppetizers;
always been;i 've;always been;various different;different group;
best deal;monday night;fine restaurant;
nothing special;
n't come;
never strayed;
here is;n't like;sharing tables;typical raucous;raucous dim;
""
good potential;significant amount;justify spending;much money;indian food;everywhere else;
always cooked;
n't break;
""
just moved;west village;
great selection;
""
acceptable prices;
big thumbs;
""
never noticed;
affordable restaurant;great taste;
even scoop;not too;too much;
definitely not;
very pleasnt;pleasnt throw;traditional french;french food;french service;as well;
large group;n't get;
great food;reasonable prices;
delicious way;
tamarind duck;ordered noodles;thai flavors;unexpected ways;
""
ever been;
""
better taiwanese;taiwanese restaurants;
even less;
n't beat;
n't wan;na live;
""
definitely try;
black cod;
too high;unappealing resturant;
rare choices;
quiet dark;dark asian;asian bistro;
visiting nyc;orginal deli;
highly recommend;
total hipster-wannabe;hipster-wannabe attitude;otherwise sweet;sweet spot;
""
""
dal bukhara;
soft bread;soggy salad;incredibly rude;rude service;average food;
""
""
not dry;most places;
good attraction;
bit expensive;
not over-bearing;
not waiter;entire meal;easily spent;
high quality;
not fresh;were bland;very oily;
beaten path;street indian;indian restaurants;
""
excellent date;
defiantly come;back here;here again;top choices;
actually liked;
more then;then happy;
""
""
""
very tasty;best hot;hot sauce;
just ok;never go;
""
little loud;joint got;
so integral;fine dining;
i recommend;
n't wait;nex time;
""
as soon;
ordered ensuring;
great neighborhood;
""
only disappointment;n't seem;realtively non-busy;non-busy night;check girls;
last week;n't believe;
""
nyc guests;
little cramped;little warm;
great desserts;best cannoli;ever had;
good crowd;good outdoor;hip japanese;japanese vibe;
not worth;
then were;high traffic;practically empty;
actually pulled;
still find;delectable reputation;
other chinatown;chinatown restaurants;lurking myriad;sad-looking marine;marine life;healthy-looking creatures;not yet;yet know;be part;sum lover;
too salty;so so;n't waste;
""
n't too;too hard;was kind;as soon;
good bagels;good cream;
""
also extremely;extremely well;well priced;
always great;great service;
happy i;
many restaurants;quickly become;
few small;small pieces;dark meat;
""
i went;
i recommend;jelly fish;drunken chicken;soupy dumplings;fry blue;blue crab;
""
very least;
yummy dumplings;dumpling menu;
""
free box;
i ate;here earlier;not stopped;
n't mind;pre-sliced low;low quality;unfriendly staff;
just ok;nothing spectacular;
""
so many;such noticicing;noticicing many;many empty;empty seats;
n't plan;favorite roll;n't have;
""
good food;
""
not good;n't fresh;
thin-crust pizza;nice amount;spicy italian;italian cheese;never heard;
only thing;get attention;
not miss;great restaurant;
coming home;own kitchen;absolute delight;
greatest value;
""
more underrated;underrated places;
big thrill;
ever come;own friends;
not great;
never been;
chinese translation;not mean;big wong;actually means;great prosperity;
too loud;
so many;many dinners;always been;larger groups;
""
kick-ass roti;
incredible food;very agreable;agreable price;back just;other day;authentic thai;
actually gave;gave patroon;second visit;even worse;
n't want;certain table;n't have;
""
little pricey;really hits;sunday morning;
""
has lots;potato pancakes;
as soon;first thing;fried dumpling;
most competent;am stickler;
usually only;large portions;
was way;
overheard comments;not have;dining area;
delicious crab;
""
not imagine;not rushing;
worst dining;dining experience;ever had;
have nothing;good things;great staff;
just bring;bring someone;speaks cantonese;not understand;
thought i;
i am;certainly stop;
so yummy;
nothing great;
""
n't get;
always popular;always full;
n't miss;
recently tried;i thought;
little noise;i think;
same sichuan;
""
showcase technique;items bbq-ed;not-so-fresh nori;rather limp;limp performance;
n't wait;gigantic patio;
best pastrami;ever had;great portion;
are someone;same things;have food;not be;best option;
""
n't get;so special;
definitely recommend;little place;
""
very good;too rich;dessert wine;far too;too sweet;
white wine;cheese oozing;
private room;truly memorable;very helpful;
extra avenue;
not be;very cramped;
shabu tatsu;always want;
pre-fixe menu;other restaurants;
authentic pakistani;
always been;seeming grating;
""
eggplant parmesan;also great;better baked;baked ziti;
very fair;fair price;
very good;
hot pot;unnecessarily heated;
artisanal blend;added apples;
crappy part;good value;
not curry;regular run;
n't help;
even asked;table upstairs;
chinese food;usual watery;generic white;white sauce;
soft paratha;tandoori styled;very flavorful;
little slow;i 'm;
tasting menu;greatest food;good price;n't like;
large portions;
hoboken health;
excellent service;
""
""
yon stars;
really good;
only possible;possible drawback;last point;additional menu;only written;
""
""
""
little crowded;really fast;
""
perfect compliment;unforgetable sandwich;
""
have shows;
few days;
so cheap;
so good;
most recent;recent visit;so incredibly;incredibly rude;never go;
other rolls;well presented;
authentic thai;
""
other review;say i;opposite experience;here last;last sunday;
not good;good considering;
braised lamb;red wine;was excellent;
has doubt;not knowing;wine list;
never again;
only concern;slighly all-business;all-business waitstaff;
iced tea;
so much;much more;
small servings;main entree;
so rude;
actually get;salads worth;u take;
very romantic;good place;
""
far more;more popular;few tables;greatly enjoyed;unobtrusive atmosphere;
very good;'s price;most fried;fried dumplings;
much better;better places;better prices;
very quick;
so diverse;so manydifferent;manydifferent varietys;
most dishes;dishes average;too expensive;
i come;here once;
""
best dining;
""
other guests;enjoyed pizza;santa fe;chopped salad;
very calm;
extremely dissappointed;boarderline rude;
n't go;hint hint;
not only;only does;best pizza;maybe anywhere;
""
fish alone;
""
simple dishes;
best comfort;
""
huge pastrami;
undoubtedly be;barely enough;enough room;cramped quarters-;have fun;tight spot;
not fresh;
lunch special;ridiculously small;
indian fast;
bad service;less money;
not need;four-star restaurant;
wine list;also really;really nice;
certainly recommend;
next week;as well;
n't be;
tal offers;less doughy;doughy bagel;
consistently delicious;delicious authentic;authentic italian;italian food;
""
retired hipster;last year;best laid-back;laid-back late;late night;
""
n't hang;
same menu;creative drinks;
friday night;really enjoyed;good food;
pretty tradional;large portions;
highly recommended;
highly recommended;
pizzeria side;bad idea;
""
barely romantic;
very small;not intend;special tasting;main entree;cold udon;
very abrupt;actually claimed;
not believe;
main course;n't see;
next visit;
""
then ordered;
pleasantly surprised;
yet not;not overbearing;trendy soho;
personally i;popcorn topping;
""
i wanted;crappy scene;annoying customers;
checked citysearch;previous review;
major deegan;get ladies;
twenty minutes;
always fresh;
very good;not very;very thai;
beautiful restaurant;beautiful people;n't quite;quite match;
definitely authentic;very tasty;
perfect spot;meeting friends;having lunch;after-theatre drinks;
""
as thin;poorly fried;fried tofu;graciously provided;poorly cooked;cooked potato;
late night;saturday night;
n't try;do anything;serve great;great food;great service;
""
so ghetto;not even;even funny;
""
""
thank marcelo;wonderful dining;
found service;
veyr good;good sense;
special requests;
new york;ever been;
""
""
many nyc;nyc eateries;really cram;borderline uncomfortable;
fine dining;
disappointing experience;
""
""
""
great place;take out-of-towners;
is anything;decent vegetarian;vegetarian selection;
""
""
""
definitely go;back again;
""
so good;good makes;
i have;large amount;
""
worthwhile experience;
most prompt;not cheap;n't put;
not including;including tip;
n't sit;
most fun;fun restaurant;ever been;
best drumsticks;sour spicy;
finest latin;latin women;
""
whitefish salad;little mayo;
very reasonable;reasonable price;
give firm;takes responsibility;
great experience;
canned tomato;boxed pasta;inedible chicken;terrible sauce;
i recommend;good meal;
just get;counter service;
only friendly;friendly staff;
long time;time ess-a-bagel;ess-a-bagel fan;return time;
""
highly recommended;
certainly find;find restaurants;superior fine;fine dining;dining experience;superb food;reasonable prices;n't be;
n't is;
not imagine;friendlier staff;
little cozy;
park side;not describe;
red curry;often overcooked;pretty sketchy;
wine list;easily hike;otherwise reasonably;reasonably priced;priced meal;
pretty good;definitely not;not great;
recommend roxy;
always get;
overall i;great qpr;
nearly impossible;ever have;not pass;
else is;
puke green;green walls;very good;
very fresh;pretty inobtrusive;
cafe noir;
flavorless not;just been;
small piece;
certified neapolitan;neapolitan pizzaria;nearly as;as much;personal preference;
as well;good lunch;
good food;
quasi-thai restaurant;
best salad;fast food;
great place;often take;
great place;general dining;
bad idea;
little overcooked;not really;
actually gives;hot bagels;
real domincan;domincan exprience;
barebecued salmon;elegantly spiced;
same owner;owns typhoon;
generous portions;
there also;also absolutely;absolutely load;little messy;
""
very good;
""
highly spiced;spiced chai;
anytime soon;
there many;many times;
""
single place;nice neighborhood;
certainly not;not lacking;probably has;best decor;indian restaurant;new york;
highly recommend;casual atmosphere;left bank;
just do;not understand;
only so-so;
delightfully warm;
so much;always make;new york;
""
longtime fan;holy basil;east village;slightly slipped;
best part;late night;delightfully free;
untrendy rip-off-;rip-off- eat;
few hours;
n't wait;
i hate;hate hate;
even had;
very attentive;
n't go;excellent service;large amounts;amiable atmosphere;hole-in-the-wall feeling;
always bad;n't expect;not recommend;here either;
monday nights;*three* glasses;
""
put water;
small place;
best sushi;new york;
""
""
one-hour drive;
great value;
thoroughly unremarkable;
also great;
complimentary chef;delicate butternut;delicious truffle;amazing buttery;n't remember;fabulous cakebread;cakebread cabernet;whole evening;
attentive waiter;
here is;rather good;
excellent piece;several other;other nice;nice pastries;
well trained;always prompt;fix drinks;know details;excelent recomendations;
was bland;
still keeps;traditional indian;indian flavoring;
""
possibly due;very large;large group;very cordial;general clientele;
very diner-ish;east village;not romantic;
cute place;
always fresh;
""
very friendly;
i 'm;best thai;ever been;
""
actually left;mott street;good chinese;chinese food;
always amazing;
truly unprofessional;i wish;wish cafe;good staff;great place;
sometimes lack;lack focus;not ideal;never been;
impeccable service;
so do;n't be;
great experience;having gulab;
back again;
i went;
n't compare;consisent quality;
again frequently;
serve food;mortal prices;
most memorable;memorable meal;
other parties;small 2-person;2-person table;
""
yet unimposing;far better;many notorious;notorious restaurants;wine list;well priced;
attentive wait;
""
""
""
i think;
""
authentic italian;
great addition;smith street;not pretentious;ugg boots;
""
very disappointed;
simply amazing;
total bagel;lightly toasted;
actually worked;instead wanted;
first time;ever return;
""
great way;
""
""
big disappointment;
european chic;
lamb dishes;
upper level;
rearely changes;
always full;close proximity;rockefeller center;
more casual;fine dining;
wonderful place;many times;reasonably priced;
blue hill;
conveniently located;
""
bottom line;
only thing;n't do;
""
not super;overpriced noodles;
""
high-school students;n't know;
very rude;
third party;
delicious simple;simple food;nice outdoor;
definetly be;
""
very expensive;
only fallback;
""
sour soup;unbearably hot;only pepper;
andy warhol;
sushimi cucumber;
i 'm;next visit;
""
great accompaniment;
correct ambience;excellent staff;same time;
is nothing;nothing special;
also great;not quite;quite as;as good;same amount;
eating sushi;
special occasion;
much better;more modern;
i recommend;
very professional;
always warm;
late dinner;lucky stike;great name;ever i;
new york;
i look;
""
english speaking;
as long;
potato chips;most delicious;delicious things;
""
i enjoyed;completely full;
went someplace;else first;n't get;
ate pasta;
""
best i;i tasted;
great experience;
""
""
casual lunch;probably be;
unique rolls;special dishes;
""
""
few weeks;worst customer;
i 've;
good sales;just too;too obvious;
day oyster;oyster binge;fish bringing;so glad;o trip;so great;
pretty rude;
chef yoshi;ordered everything;
very relaxed;
outside table;
good quality;
just was;not up;
""
i went;thursday night;
still be;
""
i think;
best secret;secret place;brilliant food;try steak;bar last;last tuesday;
""
main course;average portion;decent overall;
few cocktails;
just remember;
very attentive;
i live;
as well;
modern cuisine;
pricey side;still love;definitely go;
""
n't like;indian food;too much;
""
""
n't actually;i mean;mean please;
yet not;not hideously;hideously expensive;expensive restaurant;
never been;
n't go;else is;
new jersey;new york;york city;buy bagels;i call;n't have;
very hidden;old warehouse;
is hands;hottest night;
""
consistently been;
bit steep;
n't mind;trying others;
nice ambiance;nice little;little bar;good bartender;good service;
truly values;
incredible sauce;yummy as;as well;
definitely go;exotic martinis;
entire evening;n't understand;definately go;next time;
lage portions;
i read;
too much;much avocado;right quick;
few times;more often;often i;i order;
n't get;drink refills;n't even;even offer;
beautiful experience;
also reasonably;reasonably priced;
great place;
leaves something;
""
""
not-trying-too-hard way;little more;
more funky;funky toppings;
lobster tails;tails ummmmm;ummmmm need;need i;n't say;never forget;never go;
increase turnover;complimentary espresso;espresso cup;
restaurant more;i 'm;lemon grass;
indian oldies;are plenty;indian actors;classic black;black white;
main course;
so check;
incredible curry;
most authentic;authentic nyc;nyc deli;deli experience;historic katz;lower east;east side;
even upon;upon delivery;quite good;
""
here including;sculptured iron;
good thai;terrible delivery;
""
entire place;
best slice;
just gotten;
never had;had anything;
""
delicious dessert;
still living;not have;
rich pastas;fresh doughy;
very good;
""
many indian;indian places;
so cheap;
recent saturday;bread bar;
""
very reasonable;
n't be;so save;save room;
little confusing;
good sense;american express;enough marketing;
real plus;
so bad;bad i;actually refused;
i recommend;fine cuisine;reasonable prices;
favorite restaurant;only wish;more affordable;more often;
very attentive;
using fancy;fancy expensive;expensive ingrediants;food fine;fine cuisine;
excellent-the service;really made;dining area;
""
never too;too large;
few different;different restaurants;
""
other reviews;
only took;empty table;n't too;too bad;
""
too bad;bad latin;latin quarters;
large chunks;burnt rice;serving bowl;
divine melts;
pizza place;back frequently;
i live;
chocolate cake;i thought;bit overpriced;
upper eastside;
comfortable surroundings;nice appointments;etched glass;
little late;
""
seated promptly.the;
here more;more often;
definitely go;very special;special occasion;regular fine;fine dining;
pleasant staff;
""
back ever;
happy hour;cheapest oysters;
never wait;just is;
tiramisu chocolate;
""
grat time;
here was;
n't live;
peaceful place;
thouroughly disapointed;
""
""
great place;take out-of-towners;
first dinner;have brunch;
other chinese;asian fusion;
great entrees;here as;as well;
""
not consistently;consistently excellent;
small tasting;very good;
""
american palates;hot let;
""
n't go;
""
also delightfully;delightfully overpriced;
""
highly recommend;
""
i recommend;hidden spot;surely blowup;very soon;
mashed potatoes;
""
romantic evening;fun evening;
lamb meat;
best pad;ever had;
lot less;less crowded;definitely be;be part;
great pizza;fantastic service;
red wine;hot tea;
just ask;oil next;next time;
pretty place;overly cute;cute french;french way;insultingly horrible;
i went;not as;as good;
really did;n't know;literally overlooks;main hall;grand central;
whipped stuff;
wine list;n't great;not as;as good;
never got;
quite good;
not recommend;
great wine;wine list;good food;initially fine;
""
too busy;busy showing;i 'm;pleasant experience;
as far;not particularly;particularly friendly;
not helpful;grand run;around so;not only;only regret;also become;
finally came;dish ive;
not complain;
taxan delicious;
suprisingly average;
other places;only come;reasonably-sized portion;
southern indian;indian cuisine;still there;
not bother;neighborhood kind;
been dozens;never failed;
n't even;even make;
""
""
so packed;so delicious;
""
plays everything;italian opera;
many nyc;nyc delis;
always packed;
not care;
perfect martini;
not sure;here indian;exotic touch;
thai many;many times;very familiar;
""
best i;i 've;
highly recommend;experience last;last night;
mouth water;
""
sake list;n't listed;
crammed way;too close;italian restaurant;wine list;simply overpriced;
wonderful experience;n't wait;
actually aweful;
twenty times;
free appetizer;
""
""
""
was bland;
fresh sushi;nice large;large menu;japanese classic;classic cuisine;
are anything;
also enjoyed;shanghai low;low mein;other attractions;
""
full service;
""
""
6-8 pieces;
not sure;other reviewers;so much;
thai way;
fetish i;
""
consistently wonderful;always been;
""
i live;first opened;i ate;
""
still keep;
hong-kong styled;styled milk;tapioca pearls;
fish including;fatty yellow;yellow tail;blue fin;fatty tuna;
also friendlier;
not particularly;particularly comfortable;
never before;before seen;so many;many waterbugs;really bad;bad dream;
best crew;
not phenomenal;quite good;eggplant parmesan;
not only;other items;not ordered;
even get;get packages;
various selections;mixed drink;drink special;special is;
pricey side;
""
""
very dark;
typical nyc;
grand central;n't want;
""
not worth;
""
not even;
last time;few weeks;ago was;very crowded;
best bagels;
numerous places;
gnochi alla;
nicest outdoor;outdoor restaurants;ever seen;
waiting area;
i ordered;soo spicy;barely eat;
fried dumplings;
best chinese;chinese style;
ive been;here so;so many;many times;
very simple;
first arrived;east village;i 've;never been;
never had;argentinian pizza;large pelligrino;was goat;other blue;blue cheese;
great way;
""
perfect date;
here is;only so-so;
""
much tasty;tasty food;continually refilled;
just straight;good food;
welcome addition;
's alot;
""
relatively inexpensive;inexpensive botle;average fare;
""
so brought;brought hot;hot hot;hot hot;
very fatty;not very;very tasty;
only problem;literally sitting;
""
""
actually feel;
""
not only;not recommend;recommend jimmy;strongly suggest;
very diverse;diverse menu;
simply disgusting;
too busy;busy ordering;ordering sushi;then laying;even bring;
long-time patron;always figured;best late;late night;
i drop;
""
""
""
kinda dissapointing;
very nice;nice surprise;
given whats;
really stressed;unisex bathroom;more often;
really felt;
always had;great time;
only thing;thing good;
usually packed;good reason;
service- friendly;
""
not recommend;og more;more highly;
first place;first trip;new york;last place;next trip;new york;
very prompt;slightly rushed;
great food;great decor;great service;
slightly larger;larger space;awkardly seated;
""
same excellent;excellent dining;dining experience;
""
""
n't waste;washington street;amazing food;best service;
pineapple tempura;
so worth;
never dined;
perfect spot;
only weird;weird thing;simply multiplied;
special sushi;
not try;just going;apparently have;
never came;
little crowded;romantic date;special occassion;
""
also very;very good;
birthday last;last night;really good;good meal;
not have;so disappointed;
not very;very friendly;
very comforting;
good atmosphere;hottest music;relatively strict;
kindly brought;
""
highly recommend;recommend nina;romantic dinner;
favorable reviews;
's something;something smooth;sake upper;upper east;east side;
nice place;have conversation;
best japanese;japanese restaurant;new york;
best reuben;
lucky strike;great casual;casual place;just grab;
wonderful strawberry;
favorite aunt;great italian;italian cook;
below average;always been;really irritating;extremely loud;
""
thick side;
so so;so so;so so;so so;so good;
really overprice;
italian restaurants;
very good;good value;
feeling rigid;
then getting;local bar;
shrimp dumplings;
i keep;whole subway;not have;
best bagel;
ny pizza;
""
""
refreshing summer;not fried;vietnamese places;
pretty fresh;adequately proportioned;
moral stay;
bit slow;
""
da ciro;i knew;good pizza;
""
very cozy;
definitely do;not rush;rush you-;unlimited mimosas;whole time;
very high;actually think;such prices;such terrible;terrible food;
""
entire experience;very cool;
""
great spot;quiet dinner;
small dishes;
really nice;comfortable outdoor;outdoor chairs;
rarely had;slow staff;years i;i 've;
""
literal hole-in-the-wall;
outshine hh;
regular lettuce;
excellent lunch;
""
not familiar;encounter problems;bring plenty;n't accept;accept credit;
very reasonably;reasonably priced;
is nothing;particularly memorable;
so cute;
here are;
""
""
expected menu;i thought;so special;
good food;bit expensive;
highly recommend;recommend caviar;delicious top;top grade;fantastic service;
n't say;
3-4 times;always good;
good work;
n't thrilled;i guess;popular place;
great eats;good times;
as often;
grilled whole;whole fish;great spicing;
i thought;tuscan cuisine;salvatore converted;hearty neapolitan;neapolitan fare;first visit;
busy saturday;complimentary summer;
as well;
special roll;
""
""
""
now adopted;adopted plate;
pleasantly surprised;
""
""
value exceptional;exceptional everytime;
thai place;very unhappy;
definitely good;bit disappointed;
still hungry;
saving grace;
""
major attitude;
i write;
all-italian staff;
""
exceptionally reasonable;
""
best hidden;hidden spot;
was superb;
regular due;consistently good;good food;
n't wait;wait wait;next visit;
most japanese;ever get;
n't lie;
great food;more then;
n't expect;nosh as;as much;give yonah;
is nothing;nothing special;sushi establishment;
cozy romantic;romantic atomosphere;
""
i really;
so fun;really tasty;
not get;go hamburgers;
out-of-this world;
upper manhattan;
""
very well;well prepared;
really tasty;tasty spring;good price;
""
more food;smaller portions;more dishes;
most people;new york;hardly feeling;here are;
complimentary stuff;happy birthday;candlevery nice;nice touch;attentive staff;
""
pre-theatre menu;even greater;greater deal;
""
""
are someone;appreciates simplicity;wonderfully presented;tasting seafood;
not be;be beat;
n't hurt;
quickly stuff;
little tonino;just awesome;favorite delivery;best gnochi;ever had;
incredibly poor;poor service;exorbitant prices;
always had;great meal;
n't walk;
usually just;just get;very reasonably;reasonably priced;very tasty;
horrible food;horrible service;
cheese plate;n't wait;table grilling;
""
not recommend;
extremely fresh;
exotic salad;basic ly;delcious little;little green;green salad;sweet basil;fried tofu;
big complaint;
great place;
weekly regulars;n't ask;
""
heartier appetites;
sooo good;
frozen item;i 'm;not sure;sum dish;
""
even better;
hardly be;best deal;2-3 entrees;
traditional french;french decour;rather noisy;
little fresh;fresh wasabi;also sometimes;
""
wanted cheeseburgers;
really recommend;very simple;simple unda;
not be;
""
very good;good wine;
only thai;thai place;live relaxed;certain nights;
""
""
big group;lazy susans;most tables;
""
tasty steak;
i went;n't feel;
i went;ruby foos;
highly recommend;special occasion;intimate setting;nice service;
""
n't enough;
cheap does;not mean;
""
drunk idiots;
never had;i thought;bit more;more salt;
bad taste;
n't mention;n't apologize;very good;good decision;
extremely reasonable;
n't dine;vegetarian dishes;simply not;non-veg selections;
always there;are part;
pretty good;
few times;definitely worth;
above average;less dinners;
previous posts;good place;
delicious food;excellent service;atmosphere make;great choice;even better;better choice;
i recommend;
""
such nice;nice people;
not very;very attractive;spot lights;worst light;light possible;
times square;square cocktail;also available;
nice find;
""
great wine;great food;
comfortable meal;
always surprise;new heights;
""
outstanding pizza;love la;
always been;
new restaurants;restaurant other;always disappointed;
worst sushi;entire lives;
is nothing;more pleasant;
""
great food;great price;n't mind;n't beat;
restaurant special;authentic sichuan;only one;authentic chongqing;
japenese find;
sure i;
tiny table;plates hung;
""
other dishes;salmon caserole;
favorite restaurants;
angry lobster;cold lobster;was magnificent;
i am;pleasantly suprised;most likely;likely stop;
nicest bartender;
not have;
good laugh;
true gem;
hutner college;very reasonable;makes students;
i think;think jeckll;is fun;
""
wonderful place;
""
not wonderful;
excellent time;
often take;most other;other pizzerias;
i went;
i 'm;just reading;too loud;
small place;not too;too busy;
""
also ordered;hot dogs;pretty good;whole section;
n't fool;
garlic sauce;black bean;
delicate thin;thin crust;
n't turned;
""
local union;other side;
then shooed;
""
eat more;more rice;keeping water;
always very;very crowded;
main dishes;
really depends;
just went;
i went;
n't know;i go;i go;
chocolate chips-good;
so much;
very different;regular dimsum;dimsum places;
many years;many restaraunts;
""
ordering appetizers;
had pizza;caprese salad;salad appetizer;
never gone;too touristy;
terribly thirsty;
i visit;i make;once daily;not once;whole trip;
n't there;night special;tuesday night;
""
small group;eat kinda;
""
chinatown restaurants;
more places;banquet hall;parsipanny new;new jersey;
""
basic dishes;always available;
""
pastrami sandwich;
lunch- i;
here last;last night;annual christmas;rather spend;friends out-of-town;
""
other table;
very small;
""
""
n't go;
first i;french place;
hissed rapido;
good restaurant;
subpar pizza;little toninos;
totally overrated;
white tuna;
n't find;
""
""
first greeting;last call;
so so;
""
french colonies;
friday night;
i wrong;
i visit;new green;green bo;have money;am broke;
not serve;serve beer;
restaurant next;next door;
""
""
not worth;worth going;
""
typical short-order;
sushi plate;
n't believe;believe people;
highly forgivable;
other variety;
practically empty;
boiling water;get platters;thin sliced;sliced meats;various vegetables;
mid town;
top notch;as well;
fastest delivery;
always fresh;hot- ready;
i mention;
certainly not;best sushi;new york;always fresh;very clean;
go sushi;
very decent;decent japanese;japanese food;
best spicy;great asian;asian salad;
rose roll;
lychee martini;also very;very good;
barely eatable;
decent menu;n't take;ten minutes;dessert pizza;
top-notch food;live entertainment;unforgettable evening;
""
""
""
fresh sushi;great portions;reasonable price;
great food;
were mediocre;
""
friendly staff;
""
almost incredible;personal favorite;
lower reviews;definitely better;other places;higher ratings;
sunday night;
extremely tasty;creatively presented;wine excellent;
little italy;late afternoon;
pleasantly surprised;
best i;
most delicious;delicious array;
highly recommend;not just;friendly owners;
serious indian;indian food;exquisite choice;
definitely enjoyed;as well;
always had;great time;
pleasantly uncrowded;
very happy;
surprisingly good;
provides power;
wasted steaks;
more friendly;
absolutely suggest;
""
good tasting;well seasoned;seasoned latin;latin food;n't go;
definitely try;
very attentive;really personable;
great new;new restaurant;consistently good;
""
great experience;highly recommend;
include classics;fettuccine alfredo;
teriyaki i;i recommend;
very expensive;
soy cheese;
good food;right price;
took buses;
' re;new york;not want;
top notch;
ever dissapointed;
great food;great waitstaff;great atmosphere;great beer;
most favorite;favorite restaurants;very good;kimono shrimp;great atmosphere;
as long;
whole experience;
""
quite reasonably;reasonably priced;
clearly fresh;fresh ingredients;
n't cooked;obviously made;then reheated;
""
""
also get;ever had;
not return;
being foodies;utterly disappointed;
huge portions;attentive service;pretty good;good prices;
highly disappointed;
just went;
even better;
""
definitely stop;
""
""
glad i;very good;
here is;also absolutely;absolutely delicious;
""
bit noisy;was superb;
curried casseroles;trifle harsh;
n't impressed;n't spicey;
almost always;always excellent;
pleasently surprised;
nice space;as long;n't get;too crowded;singleminded devotion;make mare;great choice;
never had;i gave;
really provide;
particular location;certainly uses;substandard meats;
""
""
also more;more laid-back;
""
best part;
lemon-dressed cobb;classic successes;
absolutely beautiful;
very intimate;
""
very sharp;
worst though;
pretty flavorless;
was way;too sweet;
roasted chickens;
""
big selection;reasonable prices;really good;
""
few extra;extra minutes;cute waiters;
reasonably priced;
i 'm;not used;much choice;
only suggestion;
not great;
so often;often overlooked;
perfect place;
i dont;hot dog;
hidden delight;good food;
most kosher;kosher restaurants;best i;so far;
always look;even ignore;high-tipping regulars;
very nice;welcome escape;
more expensive;then typical;then again;so is;
not terrible;
""
""
anywhere else;
""
supportive staff;
folding chair;
i watched;seperate groups;also were;
excellent choice;
best i;ever had;
""
very good;pleasantly surprised;so many;many vegan;
real indian;indian food;
smoked trout;
""
very tasty;
very professional;
here last;last night;
""
highly reccomend;grand marnier;insanely good;
really enjoy;areally great;great food;really good;
include flan;
small portions;
wait staff;
dramatically lacking;
blocks bigger;
always arrives;
i forgot;delicious crepes;
silken creme;paper-thin apple;
finally took;
delicious shrimp;
real good;
signed food;
contemporary japanese;japanese style;
""
sizzling beef;coconut rice;
only drawback;little pricey;
""
personal fave;
""
best chinese;chinese food;
make everyone;everyone happy;
little uncomfortable;
very friendly;
very friendly;
great wine;wine list;great cocktail;
""
artfully done;simply delicious;
tiny restaurant;very fast;fast service;
not be;
always been;highest service;often free;free desserts;
drinks and/or;and/or appetizers;
""
best pizza;new jersey;
recently visited;past summer;
very comforting;really standed;extensive beer;
chinese food;here is;is something;
whole restaurant;
also had;soft shell;as well;cheese plate;
""
worst hotdogs;ever had;
unbelievably friendly;i dream;so good;
also recommend;garlic knots;
best indian;indian food;ever eaten;
n't be;
best pizza;
welcome addition;far better;
too heavy;
always informative;
great lengths;
n't stand;
always fresh;pretty varied;
cooked food;
""
""
great food;great drinks;nice dining;
other japanese;japanese restaurants;
below average;
""
first time;here i;i 've;
comfortable chairs;
""
""
here are;tacos pastor;
nick stef;only places;square check;
""
really nice;very comfy;
savory take;sandwich meal;sour soup;
great drinks;excellent service;delicious food;
""
bad service;obnoxious smirks;snotty back;
never been;
impress someone;
ordered lamb;perfectly cooked;tasted awesome;
soft shell;
authentic hong;hong kong-style;kong-style food;
west side;visiting firends;
good food;food good;good wine;
nice find;
extremely friendly;
as soon;
not french;
so many;many great;great reviews;birthday last;last nite;
""
""
excellent service;cute waitresses;extremely lush;
simple italian;italian food;
just spent;lou lou;
all-around good;usually excellent;not quite;same level;
""
is nothing;
""
""
personally i;i say;
great hot;hot dogs;wonderful breakfast;great things;english muffins;delicious nj-based;nj-based pork;jersey girls;
""
rude bartender;then tells;
not only;only is;service great;forming conversation;so easy;
green chillis;definitely not;not edible;
absolute worst;worst service;ever experienced;below average;actually gave;gave people;
""
best past;new york;
here several;several times;
very cheap;
fresh juice;
""
soul food;
""
roast chicken;
regular customer;ninth avenue;next block;
very good;good chicken;good tuna;as well;
""
""
completely dried;cold side;not very;very flavorful;
malted milk;so ridiculously;ridiculously wonderful;
unbiased positive;positive reviews;major nyc;nyc publications;
too much;much money;terrible meal;
not recommend;recommend anyone;
absolutely horrible;
slow bar;
""
very good;
""
again had;very nice;nice experience;
black vinegar;shredded ginger;
unattractive lighting;most awful;awful disco;disco pop;
definitly be;back again;
best italian;italian restaurant;
cozy place;
always great;
severe attitue;attitue adjustments;
numerous shavue;shavue restaurants;
horrible experience;
definitely go;more often;
highly recommended;
came time;hard time;away then;then came;
fav spots;
""
not go;
""
""
vegetarian platters;
healthy meal;
n't imagine;much worse;prime time;
mammino several;several times;
""
i 'm;very fussy;
""
""
i stop;bay movie;
always enjoy;
pretty good;
i went;few friends;
few years;
""
highly recommend;
find everything;
""
i ordered;here last;last week;
nice sushi;
here was;
""
many magazines;
gracious hostess;
truly miss;
very good;
usually get;vietnamese beef;beef noodle;noodle soup;
local investment;
dosa hut;
dining experience;
too bad;
best indian;indian food;new york;
very friendly;
extremely friendly;attentive service;
as creative;
fairly new;i think;
first experience;very pleasant;
square many;many times;i am;very satisfied;satisfied overall;
good selection;absolutely delicious;
dos caminos;
personal favorite;
""
best sushi;
excellent selection;really great;
so helpful;
""
""
great thing;very cheap;
south st;st seaport;
real star;
skillfully chosen;portuguese cheese;cheese cart;perfect iberian;iberian ending;
wonderful blueberry;
so happy;even more;more thrilled;
definitely come;
just is;n't ready;prime time;
so fresh;own vegetable;vegetable garden;so perfect;actually thinks;
favoriate resturant;
always gotten;amazing service;
always seems;not stunningly;stunningly creative;
""
busy friday;
dumbo art;thoroughly enjoyed;
""
n't cheap;
never get;
better deal;cosi sandwiches;
n't know;
great neighbhorhood;
great place;
best japanese;japanese restaurant;east village;pretty solid;modest prices;worth repeat;
so good;so popular;really be;
here 's;best city;
really wows;
very cramped;old school;
real gem;
wonderful place;
first walking;great ambience;
i went;
n't get;sylvias soul;
n't mean;automatically impressed;
very hungry;hungry people;is plenty;taken home;really well;well also;
not be;be everyone;'s mine;
extremely nice;not rush;
burnt crust;cold inside;
just good;good food;
n't know;
average cake;
i loved;
recently visited;wonderful experience;
nothing wrong;
recently wanted;
not cooked;
there i;n't pick;pick anything;great things;
""
really fast;
very impressed;
garlic soup;
servces delicious;delicious falafel;other mediterranean;mediterranean delights;very inexpensive;
few bad;bad evenings;i keep;
""
many french;french bistros;midtown area;i wholheartedly;wholheartedly recommend;
""
always measures;
definitely worth;10-minute walk;
vegan restaurants;zen palate;
favorite restaurants;
reasonably priced;very fresh;fresh sushi;
""
very good;
real treasure;mediocre italian;italian restaurants;
positive thing;right away;very friendly;
""
often very;very subjective;
really nice;nice restaurant;
usually pretty;pretty good;
quite rude;
not be;missing anything;
discovered applebees;
wait staff;very friendly;not rude;.our meal;leon last;last weekend;
i recommend;
""
international influences;
""
had something;
nice voice;
often find;n't love;
very quick;quick service;n't have;much time;
""
highly disappointed;
never seen;are way;n't get;very greasy;greasy mac;
are way;way high;
""
""
""
hot spot;
downstairs bar;very cool;
definitely good;n't justify;
casual lunches;as well;always enjoy;
tequila fan;not be;
great beer;
great reviews;i invited;die-hard downtown;
too negative;
""
just as;as good;da silvano;just much;much less;less expensive;
homemade pastas;i recommend;
vegetable risotto;burnt flavor;
pleasant surprise;
main draw;
""
here is;never disappointing;
not only;only did;homemade sorbets;
unbelievable entree;most amazing;amazing deserts;
reasonably priced;
""
save room;
""
traditional italian;italian items;
blended mocha;hot white;white mocha;extremely happy;
last tuesday;late lunch;
n't feel;bad eating;
parmesan cheese;
apparently never;never tried;
bit slow;bit small;
next time;special occasion;entertaining guests;
recommend jewel;
pretty cool;
unfortunate lady;salad dressing;instead given;
el nidos;best restaurants;new york;ever been;great variety;mouth watering;watering pizza;
pretty poor;average relative;crazy bum;
uptown i;i try;as often;great cheap;cheap food;friendly staff;
few minutes;
real talent;real roman;
great indian;indian food;good service;
rabbit stew;salads-all good;soo refreshing;hot summer;
not stuffed;healthy lunch;
almost tempted;bad review;
""
local grocery;
fresh juices;
first came;well done;politely sent;
i recommend;black roasted;roasted codfish;best dish;
then told;so annoyed;
here was;was nothing;last week;just warmed;microwave taste;
busy hrs;i recommend;
n't waste;
never as;as good;same analogy;
very warm;warm experience;
i went;common stock;so impressed;
now called;called nikki;
also outstanding;quite quickly;
just have;have nothing;cheap night;so worth;
cheese plate;delicate care;
great vibe;
real hi;
's candlelight;
downtown brooklyn;
simple healthy;healthy unglamorous;unglamorous food;
fantastic dining;same week;
still is;usually very;very busy;
absolutely adorable;
garlic shrimp;
better japanese;japanese food;
extremely friendly;even replaced;
""
sashimi portion;most people;i did;n't like;artifical lobster;
crusted pizza;really fresh;yummy ingredients;
lovely dinner;dedicated seafood;
not ultra;ultra sweet;
finally let;expensive slices;harried staff;
just leave;essentially being;wait staff;largely empty;
wine list;well priced;
tasty salads;
""
great food;friendly service;enjoyable repast;
have waiters;
only opportunity;authentic italian;italian meal;
making pizza;least i;n't think;ever made;
simple medium;medium rare;rare steak;
generously garnished;organic grilled;grilled burgers;most popular;popular dish;jerusalem market-style;market-style falafel;mediterranean salads;equally scrumptious;
worst dining;dining experience;new york;former waiter;so i;i know;i 'm;
red velvet;great texture;nice hint;
corner table;table next;large window;
""
slight turn;
little pie;pie company;as much;written reviews;discourage anyone;grand central;central location;location due;rude service;
convenient location;hidden treasure;
n't seem;
mostly deep-fried;
there twice;first opened;
be way;too tiny;russian standards;simply great;
authentic italian;italian cuisine;absolutely fresh;
atmoshere changes;hidden jewel;
other times;times i;i 've;romantic date;not-crowded place;great food;
only go;is way;
regular costumer;dosa hut;right next;next door;
somewhat disappointing;disappointing wine;wine list;only new;new vintages;
very good;n't get;similar restaurant;
nasty high;priced food;ghetto scenery;scenery cheap;cheap bx;
new hamburger;special sauce;least better;big mac;
perfectly al;al dente;not drowned;generous portions;
chinese restaurants;midtown/uptown area;
saturday night;
good job;
simply lovely;
little place;wonderfully warm;warm welcoming;
quick meal;
family local;great place;sporting events;
whole great;great deal;
% italian;as authentic;
only complaint;never had;predict bad;bad luck;visited kar;
quick sushi;
back patio;
dreadfully slow;only half;half full;
i went;past saturday;excellent meal;braised lamb;mashed potatoes;
""
n't seem;
i reccomend;fried pork;fried rice;
not be;
french fries;
ever believe;20-30 minutes;just paid;
wide variety;being imposeing;
private party;really chill;
also have;great assortment;traditional mediterranean;
fresh veggies;middle eastern;eastern spreads;spinach thing;lamb kebabs;cheese baclava;soooo much;much fooood;
wonderful saketini;
black sheep;midtown pub;ornate kitsch;
definitely go;exotic martinis;
beaten path;
not being;additional people;
happy hour;so cheap;not reflect;
brusquely told;
mediocre places;
tasty treats;dirt-cheap prices;
typical french;
are lots;so nice;
great affordable;affordable spot;small group;
negative reviews;jealous competing;competing restaurants;n't compete;entire positive;positive attitude;proper way;top quality;
finished eating;
""
nice place;few friends;
excellent quality;good restaurant;
there seemed;
about eleven;eleven bucks;gigantic burrito;
""
completely empty;dirty look;
be kind;so rude;snotty i;actually let;
good service;great food;good value;never have;
hot cakes;
""
left room;superb drinks;
noodle dishes;rarely exceed;
asian fusion;n't meet;
creative dishes;king crab;grilled seafood;unexpected elements;otherwise predictable;predictable bistro;
tried-and-true recipes;macadamia-crusted mahi;subtly sweet;sweet honey-mustard;honey-mustard beef;beef short;short ribs;
cold sesame;
great meal;marginally so-so;so-so food;just so;so freezing;n't enjoy;
heavy fennel;italian sausage;
i went;very nice;nice dinner;
best chinese;upper east;prompt delivery;good value;
actually pretty;pretty good;
i went;very rude;rude hostess;
awesome dinner;
not only;only is;food authentic;here are;practically off-the-boat;
good music;nice tapas;interesting selection;primarily spanish;lowkey hip;
i love;cold sesame;
""
as well;
fun place;
very solid;little base;
wine list;quiet atmosphere;good conversation;
gourmet food;fast food;
always love;always wonderful;really reasonable;
here is;always delicious;
great meal;
here recently;
great entrees;fresh seafood;huge steaks;non-meat alternatives;
strangest menu;too hard;fancy food;
""
""
wrong entree;then verbally;verbally assaults;year old;old grandmother;
not terrible;
automatically added;
halibut cheek;cheek appetizer;generous portion;only positive;positive thing;
also have;have empenadas;
""
all-time favorites;big mac;chicken mcnuggets;filet-o-fish sandwich;famous french;french fries;lighter options;entree-sized salads;also available;
somewhat loud;minimally intrusive;
basic pizza;not much;
better be;comfortable bumping;bumping elbows;other patrons;
rare jewel;
not too;too much;great scene;
new york;
finally settled;monday night;
n't read;n't have;hi expectations;
""
blue bar;
so much;much time;
few weeks;upstrairs dining;dining area;
extraordinary veggie;distinctive blend;other vegetables;
peak times;uncomfortably close;
""
seasonal picks;sweet corn-foie;corn-foie gras;
simple carinthia;carinthia cheese;cheese ravioli;wild mushrooms;caviar-topped sturgeon;beautifully matched;bright green;green spinach-vodka;
not small;full sized;sized patties;
very casual;always very;very fast;
definitely has;better quality;cheaper prices;
third staff;so now;goodbye little;little rude;
not find;
""
pretty good;
atmosphere is;
initially got;
wait staff;very attentive;
great restaurant;even greater;greater food;
remarkably tasty;intimate place;
save room;
as well;
so was;
very average;
maison very;very nice;
very reasonable;
wonderful menu;warm inviting;great service;
great food;good wine;excellent host;
last night;
main courses;
definitely try;sliced steak;
""
fried calamari;even better;
too dark;
good overall;
was tops;
very large;
i recomend;
excellent tapas;great prices;not overly;overly crowed;
quite slow;
not too;too sweet;
""
n't get;squished-in feeling;
never had;bad meal;bad service;@ pigalle;
best hot;hot dogs;tri-state area;
typical example;not know;know anything;
not recommend;recommend meet;
special celebration;
""
very attentive;very generous;
had tons;great food;
really lovely;lovely dining;dining experience;midtown area;
i 've;few times;
really is;n't very;very good;
lower expectations;not recommend;recommend dumont;
not only;only do;best escargot;always try;
voce several;several time;
""
really romantic;
best unknown;unknown restaurant;new york;
just go;greatest french;french food;
indian food;
not suffer;
""
""
beautiful sushi;delicious cheap;
also has;has lots;other korean;korean dishes;
""
not only;only was;also extremely;extremely helpful;
bigger bite;not reccomend;
""
""
great find;
great burgers;grilled cheeses;french fries;
""
so fresh;
enough room;big dent;
whick i;also love;
i tried;
not only;only was;sushi fresh;also served;other entrees;
good variety;
not given;
really thin;thin crust;really big;big slices;then nick;not be;
always quiet;
green beans;red onion;
side orders;
thick fries;baked potatoes;ultra-thick chocolate;
always find;make something;
good cake;best cake;ever had;definately not;not worth;worth standing;overworked employees;
""
most evident;delectable roti;fried pancake;dipping sauce;surprisingly sophisticated;fresh take;
n't look;whole other;other atmosphere;
""
somewhat thin;
small cheese-like;cheese-like cubes;
horrible bartenders;most part;loud-mouthed commuters;bad attitudes;ac/dc concert;knicks game;
definitely stop;great meal;
n't have;have time;
little paint;great sushi;sushi place;
more tables-;
is part;
beautiful ambience;excellent food;n't mind;lil salty;attentive service;
n't go;so i;n't comment;
n't resist;
not great;
ludlow add;israeli-style takeout;eat-in burger;
young neighborhood;art-house drinkers;heavy doses;
""
not only;only is;best thai;also ranks;favorite places;
n't be;extremely negative;negative review;
creative menu;westernized japanese;japanese dishes;dishes such;foie gras;gras unagi;unagi napolean;jap style;black cod;miso base;black truffle;
not expensive;nyc standards-;most appetizers;
name best;best diner;
as well;fresh veggies;
n't get;just not;not fantastic;
puerto rican;rican i;i hope;hope mom;n't read;
now i;i dont;best pizza;
had dinner;
recently spent;new year;great experience;
highly recommended;n't dined;very relaxing;relaxing place;
little loud;still nice;
not very;very good;cocktail hour;free appetizers;nice non-sushi;non-sushi selection;
""
""
bit busy;around peak;peak times;
centre street;great little;little place;awesome chicken;
good place;simple soup;classic french;french dish;
very nice;nice touch;very much;much fits;
so great;being outdoors;great landscaping;casual drink;
close proximity;
pre-show meal;uptown location;
good mix;great eye-candy;
fried foods;other dishes;quite good;
cold night;close friend;good book;
slow service;
very fresh;real mozzarella;
n't ever;ever bother;really made;worst experience;
little plain;small place;not suggest;
""
outdoor eating;eating area;comfortable space;
n't call;
[ female;female ];always nice;
best dessert;n't particularly;particularly hawaiian;small world;
""
favorite haunts;
dinner i;i heard;
new ownership;
bi-level space;long bar;
""
""
n't remember;
""
especially impressed;bday cake;as well;offering prompt;friendly service;
falafel platters;nondescript combinations;fresh leaf;
time i;i visit;i come;
here regularly;
place many;many dream;
several times;bad manners;n't easy;
maybe even;even borderline;get attention;so very;very good;
""
focacchia bread;
little big;fresh juices;best i;ever had;
just okay;almost not;not worth;worth going;only dish;really good;
yet lacking;lacking flavor;fresh salsa;
new menu;few creative;creative items;old favorites;favorite words;n't bend;
only open;so good;
seafood and/or;and/or greek;greek food;not limited;
pub fare;black sheep;sheep known;
mediocre food;
was mediocre;severely slow;
different occasion;
looking forward;back soon;eventually trying;most everything;
just had;first visit;n't wait;slowly work;
pretty much;much grunted;unbelievably rude;
vegan cranberry;
still highly;highly recommended;
very crowded;so i;
sweet irish;irish bartender;always happy;
always find;theatre industry-;industry- interesting;hear ideas;quick bite;
n't want;get drunk;so bad;
""
""
i simply;simply had;
i prefer;
creamy appetizers;eggplant salad;greek yogurt;taste excellent;warm pitas;
